ProductPhotoID,ThumbnailPhotoFileName,LargePhotoFileName,ModifiedDate
1,"no_image_available_small.gif","no_image_available_large.gif",2008-04-30 00:00:00.000
69,"racer02_black_f_small.gif","racer02_black_f_large.gif",2008-04-30 00:00:00.000
70,"racer02_black_small.gif","racer02_black_large.gif",2012-10-19 09:56:38.273
72,"racer02_blue_f_small.gif","racer02_blue_f_large.gif",2012-10-19 09:56:38.273
73,"racer02_blue_small.gif","racer02_blue_large.gif",2012-10-19 09:56:38.273
76,"racer02_green_f_small.gif","racer02_green_f_large.gif",2012-10-19 09:56:38.273
77,"racer02_green_small.gif","racer02_green_large.gif",2012-10-19 09:56:38.273
78,"hotrodbike_black_small.gif","hotrodbike_black_large.gif",2012-04-30 00:00:00.000
79,"hotrodbike_blue_small.gif","hotrodbike_blue_large.gif",2012-10-19 09:56:38.273
80,"hotrodbike_f_small.gif","hotrodbike_f_large.gif",2013-04-30 00:00:00.000
81,"hotrodbike_f_silver_small.gif","hotrodbike_f_silver_large.gif",2013-04-30 00:00:00.000
82,"hotrodbike_small.gif","hotrodbike_large.gif",2013-04-30 00:00:00.000
83,"hotrodbike_red_small.gif","hotrodbike_red_large.gif",2012-10-19 09:56:38.273
84,"hotrodbike_silver_small.gif","hotrodbike_silver_large.gif",2012-04-30 00:00:00.000
85,"hotrodbike_yellow_small.gif","hotrodbike_yellow_large.gif",2012-10-19 09:56:38.273
86,"julianax_r_02_black_small.gif","julianax_r_02_black_large.gif",2012-10-19 09:56:38.273
87,"julianax_r_02_blue_small.gif","julianax_r_02_blue_large.gif",2012-10-19 09:56:38.273
88,"julianax_r_02_f_black_small.gif","julianax_r_02_f_black_large.gif",2012-10-19 09:56:38.273
89,"julianax_r_02_f_blue_small.gif","julianax_r_02_f_blue_large.gif",2012-10-19 09:56:38.273
90,"julianax_r_02_f_gold_small.gif","julianax_r_02_f_gold_large.gif",2012-10-19 09:56:38.273
91,"julianax_r_02_f_green_small.gif","julianax_r_02_f_green_large.gif",2012-10-19 09:56:38.273
93,"julianax_r_02_f_red_small.gif","julianax_r_02_f_red_large.gif",2012-10-19 09:56:38.273
94,"julianax_r_02_gold_small.gif","julianax_r_02_gold_large.gif",2012-10-19 09:56:38.273
95,"julianax_r_02_green_small.gif","julianax_r_02_green_large.gif",2012-10-19 09:56:38.273
97,"julianax_r_02_red_small.gif","julianax_r_02_red_large.gif",2012-10-19 09:56:38.273
98,"julianax_r_02_silver_small.gif","julianax_r_02_silver_large.gif",2012-10-19 09:56:38.273
99,"julianax_r_02_yellow_small.gif","julianax_r_02_yellow_large.gif",2012-10-19 09:56:38.273
100,"racer02_red_small.gif","racer02_red_large.gif",2012-10-19 09:56:38.273
102,"roadster_black_small.gif","roadster_black_large.gif",2012-10-19 09:56:38.273
103,"roadster_blue_small.gif","roadster_blue_large.gif",2012-10-19 09:56:38.273
105,"roadster_green_f_small.gif","roadster_green_f_large.gif",2012-10-19 09:56:38.273
106,"roadster_green_small.gif","roadster_green_large.gif",2012-10-19 09:56:38.273
107,"roadster_small.gif","roadster_large.gif",2012-10-19 09:56:38.273
108,"roadster_purple_f_small.gif","roadster_purple_f_large.gif",2012-10-19 09:56:38.273
109,"roadster_purple_small.gif","roadster_purple_large.gif",2012-10-19 09:56:38.273
110,"roadster_red_f_small.gif","roadster_red_f_large.gif",2012-10-19 09:56:38.273
111,"roadster_red_small.gif","roadster_red_large.gif",2011-05-01 00:00:00.000
112,"roadster_silver_small.gif","roadster_silver_large.gif",2012-10-19 09:56:38.273
113,"roadster_yellow_f_small.gif","roadster_yellow_f_large.gif",2013-04-30 00:00:00.000
114,"roadster_yellow_small.gif","roadster_yellow_large.gif",2012-10-19 09:56:38.273
115,"racer02_silver_small.gif","racer02_silver_large.gif",2012-10-19 09:56:38.273
117,"superlight_black_f_small.gif","superlight_black_f_large.gif",2012-10-19 09:56:38.273
118,"superlight_black_small.gif","superlight_black_large.gif",2011-05-01 00:00:00.000
119,"superlight_blue_f_small.gif","superlight_blue_f_large.gif",2011-05-01 00:00:00.000
120,"superlight_blue_small.gif","superlight_blue_large.gif",2012-10-19 09:56:38.273
123,"superlight_metalicgreen_f_small.gif","superlight_metalicgreen_f_large.gif",2012-10-19 09:56:38.273
124,"superlight_metalicgreen_small.gif","superlight_metalicgreen_large.gif",2012-10-19 09:56:38.273
125,"superlight_red_f_small.gif","superlight_red_f_large.gif",2012-10-19 09:56:38.273
126,"superlight_red_small.gif","superlight_red_large.gif",2011-05-01 00:00:00.000
127,"superlight_silver_f_small.gif","superlight_silver_f_large.gif",2011-05-01 00:00:00.000
128,"superlight_silver_small.gif","superlight_silver_large.gif",2011-05-01 00:00:00.000
129,"superlight_yellow_f_small.gif","superlight_yellow_f_large.gif",2011-05-01 00:00:00.000
130,"superlight_yellow_small.gif","superlight_yellow_large.gif",2012-10-19 09:56:38.273
131,"racer02_yellow_f_small.gif","racer02_yellow_f_large.gif",2012-04-30 00:00:00.000
133,"chain_small.gif","chain_large.gif",2012-04-30 00:00:00.000
134,"chain_lube_small.gif","chain_lube_large.gif",2012-04-30 00:00:00.000
135,"clipless_pedals_small.gif","clipless_pedals_large.gif",2013-04-30 00:00:00.000
136,"co2_4tire_small.gif","co2_4tire_large.gif",2013-04-30 00:00:00.000
137,"double_headlight_small.gif","double_headlight_large.gif",2012-04-30 00:00:00.000
138,"fork_small.gif","fork_large.gif",2012-04-30 00:00:00.000
139,"frame_black_small.gif","frame_black_large.gif",2011-05-01 00:00:00.000
140,"frame_blue_small.gif","frame_blue_large.gif",2012-10-19 09:56:38.273
141,"frame_small.gif","frame_large.gif",2012-10-19 09:56:38.273
142,"frame_red_small.gif","frame_red_large.gif",2012-10-19 09:56:38.273
143,"frame_silver_small.gif","frame_silver_large.gif",2011-05-01 00:00:00.000
144,"frame_yellow_small.gif","frame_yellow_large.gif",2012-10-19 09:56:38.273
145,"handlebar_small.gif","handlebar_large.gif",2012-04-30 00:00:00.000
146,"mb_tires_small.gif","mb_tires_large.gif",2013-04-30 00:00:00.000
147,"pedal_small.gif","pedal_large.gif",2013-04-30 00:00:00.000
149,"saddle_small.gif","saddle_large.gif",2013-04-30 00:00:00.000
150,"silver_chain_small.gif","silver_chain_large.gif",2013-04-30 00:00:00.000
151,"silver_pedal_small.gif","silver_pedal_large.gif",2013-04-30 00:00:00.000
152,"silver_sprocket_small.gif","silver_sprocket_large.gif",2013-04-30 00:00:00.000
153,"single_headlight_small.gif","single_headlight_large.gif",2012-04-30 00:00:00.000
154,"sprocket_small.gif","sprocket_large.gif",2013-04-30 00:00:00.000
155,"street_tires_small.gif","street_tires_large.gif",2013-04-30 00:00:00.000
156,"tail_lights_small.gif","tail_lights_large.gif",2012-04-30 00:00:00.000
157,"tirepatch_kit_small.gif","tirepatch_kit_large.gif",2013-04-30 00:00:00.000
158,"water_bottle_cage_small.gif","water_bottle_cage_large.gif",2013-04-30 00:00:00.000
159,"water_bottle_small.gif","water_bottle_large.gif",2013-04-30 00:00:00.000
160,"wheel_small.gif","wheel_large.gif",2008-03-31 00:00:00.000
161,"awc_jersey_female_small.gif","awc_jersey_female_large.gif",2008-03-31 00:00:00.000
162,"awc_jersey_male_small.gif","awc_jersey_male_large.gif",2011-05-01 00:00:00.000
163,"awc_tee_female_small.gif","awc_tee_female_large.gif",2011-05-01 00:00:00.000
164,"awc_tee_male_small.gif","awc_tee_male_large.gif",2011-05-01 00:00:00.000
165,"awc_tee_male_yellow_small.gif","awc_tee_male_yellow_large.gif",2013-04-30 00:00:00.000
166,"bikepump_small.gif","bikepump_large.gif",2012-04-30 00:00:00.000
167,"bike_lock_small.gif","bike_lock_large.gif",2012-04-30 00:00:00.000
168,"bike_shoes_small.gif","bike_shoes_large.gif",2012-04-30 00:00:00.000
169,"bike_shorts_female_small.gif","bike_shorts_female_large.gif",2012-04-30 00:00:00.000
170,"bike_shorts_male_small.gif","bike_shorts_male_large.gif",2012-04-30 00:00:00.000
172,"handpump_small.gif","handpump_large.gif",2012-04-30 00:00:00.000
173,"innertube_small.gif","innertube_large.gif",2013-04-30 00:00:00.000
174,"mb_shoes_small.gif","mb_shoes_large.gif",2013-04-30 00:00:00.000
175,"shorts_female_small.gif","shorts_female_large.gif",2013-04-30 00:00:00.000
176,"shorts_male_small.gif","shorts_male_large.gif",2012-04-30 00:00:00.000
177,"racer_black_small.gif","racer_black_large.gif",2012-04-30 00:00:00.000
178,"racer_blue_small.gif","racer_blue_large.gif",2012-10-19 09:56:38.273
179,"racer_red_small.gif","racer_red_large.gif",2012-04-30 00:00:00.000
180,"racer_silver_small.gif","racer_silver_large.gif",2012-10-19 09:56:38.273
181,"racer_yellow_small.gif","racer_yellow_large.gif",2012-10-19 09:56:38.273
